Dimension,Taiwan_Topic,USA_Topic,Taiwan_Name,USA_Name,TW_N,TW_Mean,TW_SD_est,US_N,US_Mean,US_Median,US_SD,Mean_Diff,t_statistic,df,p_value,Significance,Cohens_d,Interpretation
Emergency Care,7,2,急診醫療服務,急診等待時間,1546,1.79,1.868929737024634,1128,3.25177304964539,4.0,1.868929737024634,1.46177304964539,19.974024099611874,2672,0.0,***,0.7821444651913753,US significantly higher
Nursing/Professional Care,1,4,醫療專業品質,護理照護品質,1361,4.67,1.8730444805029818,664,3.0,3.0,1.8730444805029818,-1.67,-18.835145032543018,2023,0.0,***,0.8915965517015074,TW significantly higher
Outpatient Services,2,3,掛號批價流程,門診醫療服務,343,1.83,1.8659279231600594,477,3.0754716981132075,3.0,1.8659279231600594,1.2454716981132075,9.428407021970772,818,0.0,***,0.667481140431152,US significantly higher
Inpatient/Critical Care,6,1,住院照護經驗,重症照護與家庭關懷,217,2.35,1.834704701595247,532,3.289473684210526,4.0,1.834704701595247,0.939473684210526,6.3571611379555035,747,3.575395535193593e-10,***,0.5120571628740409,US significantly higher
